<?xml version="1.0" encoding="UTF-8" ?>
<!DOCTYPE mapper PUBLIC "-//mybatis.org//DTD Mapper 3.0//EN" "http://mybatis.org/dtd/mybatis-3-mapper.dtd" >
<mapper namespace="com.msu.mapper.FriendsRequestMapper" >
  <resultMap id="BaseResultMap" type="com.msu.pojo.FriendsRequest" >
    <id column="id" property="id" jdbcType="VARCHAR" />
    <result column="send_user_id" property="sendUserId" jdbcType="VARCHAR" />
    <result column="accept_user_id" property="acceptUserId" jdbcType="VARCHAR" />
    <result column="send_user_name" jdbcType="VARCHAR" property="sendUserName" />
    <result column="accept_user_name" jdbcType="VARCHAR" property="acceptUserName" />
    <result column="request_date_time" property="requestDateTime" jdbcType="TIMESTAMP" />
  </resultMap>
  <sql id="Base_Column_List" >
    id, send_user_id, accept_user_id, send_user_name, accept_user_name, request_date_time
  </sql>
  <select id="selectByPrimaryKey" resultMap="BaseResultMap" parameterType="java.lang.String" >
    select 
    <include refid="Base_Column_List" />
    from friends_request
    where id = #{id,jdbcType=VARCHAR}
  </select>
  <select id="selectByAcceptUser" resultMap="BaseResultMap" parameterType="java.lang.String" >
    select
    <include refid="Base_Column_List" />
    from friends_request
    where accept_user_id = #{id,jdbcType=VARCHAR}
  </select>
  <select id="selectBySendAndAcceptUser" resultMap="BaseResultMap" parameterType="java.lang.String" >
    select
    <include refid="Base_Column_List" />
    from friends_request
    where send_user_id = #{sendUser,jdbcType=VARCHAR} and accept_user_id = #{acceptUser,jdbcType=VARCHAR}
  </select>
  <delete id="deleteByPrimaryKey" parameterType="java.lang.String" >
    delete from friends_request
    where id = #{id,jdbcType=VARCHAR}
  </delete>
  <insert id="insert" parameterType="com.msu.pojo.FriendsRequest" >
    insert into friends_request (id, send_user_id, accept_user_id,send_user_name,accept_user_name,
      request_date_time)
    values (#{id,jdbcType=VARCHAR}, #{sendUserId,jdbcType=VARCHAR}, #{acceptUserId,jdbcType=VARCHAR},
    #{sendUserName,jdbcType=VARCHAR},#{acceptUserName,jdbcType=VARCHAR},
      #{requestDateTime,jdbcType=TIMESTAMP})
  </insert>
  <insert id="insertSelective" parameterType="com.msu.pojo.FriendsRequest" >
    insert into friends_request
    <trim prefix="(" suffix=")" suffixOverrides="," >
      <if test="id != null" >
        id,
      </if>
      <if test="sendUserId != null" >
        send_user_id,
      </if>
      <if test="acceptUserId != null" >
        accept_user_id,
      </if>
      <if test="sendUserName != null">
        send_user_name,
      </if>
      <if test="acceptUserName != null">
        accept_user_name,
      </if>
      <if test="requestDateTime != null" >
        request_date_time,
      </if>
    </trim>
    <trim prefix="values (" suffix=")" suffixOverrides="," >
      <if test="id != null" >
        #{id,jdbcType=VARCHAR},
      </if>
      <if test="sendUserId != null" >
        #{sendUserId,jdbcType=VARCHAR},
      </if>
      <if test="acceptUserId != null" >
        #{acceptUserId,jdbcType=VARCHAR},
      </if>
      <if test="requestDateTime != null" >
        #{requestDateTime,jdbcType=TIMESTAMP},
      </if>
    </trim>
  </insert>
  <update id="updateByPrimaryKeySelective" parameterType="com.msu.pojo.FriendsRequest" >
    update friends_request
    <set >
      <if test="sendUserId != null" >
        send_user_id = #{sendUserId,jdbcType=VARCHAR},
      </if>
      <if test="acceptUserId != null" >
        accept_user_id = #{acceptUserId,jdbcType=VARCHAR},
      </if>
      <if test="sendUserName != null">
        send_user_name = #{sendUserName,jdbcType=VARCHAR},
      </if>
      <if test="acceptUserName != null">
        accept_user_name = #{acceptUserName,jdbcType=VARCHAR},
      </if>
      <if test="requestDateTime != null" >
        request_date_time = #{requestDateTime,jdbcType=TIMESTAMP},
      </if>
    </set>
    where id = #{id,jdbcType=VARCHAR}
  </update>
  <update id="updateByPrimaryKey" parameterType="com.msu.pojo.FriendsRequest" >
    update friends_request
    set send_user_id = #{sendUserId,jdbcType=VARCHAR},
      accept_user_id = #{acceptUserId,jdbcType=VARCHAR},
      send_user_name = #{sendUserName,jdbcType=VARCHAR},
      accept_user_name = #{acceptUserName,jdbcType=VARCHAR},
      request_date_time = #{requestDateTime,jdbcType=TIMESTAMP}
    where id = #{id,jdbcType=VARCHAR}
  </update>
</mapper>