<?xml version="1.0" encoding="UTF-8" ?>
<!DOCTYPE mapper PUBLIC "-//mybatis.org//DTD Mapper 3.0//EN" "http://mybatis.org/dtd/mybatis-3-mapper.dtd" >
<mapper namespace="com.msu.mapper.UserMapper" >
  <resultMap id="BaseResultMap" type="com.msu.pojo.User" >
    <id column="id" property="id" jdbcType="VARCHAR" />
    <result column="username" property="username" jdbcType="VARCHAR" />
    <result column="password" property="password" jdbcType="VARCHAR" />
    <result column="face_image" property="faceImage" jdbcType="VARCHAR" />
    <result column="face_image_big" property="faceImageBig" jdbcType="VARCHAR" />
    <result column="nickname" property="nickname" jdbcType="VARCHAR" />
    <result column="qrcode" property="qrcode" jdbcType="VARCHAR" />
    <result column="cid" property="cid" jdbcType="VARCHAR" />
  </resultMap>

  <sql id="Base_Column_List" >
    id, username, password, face_image, face_image_big, nickname, qrcode, cid
  </sql>
  <select id="selectByPrimaryKey" resultMap="BaseResultMap" parameterType="java.lang.String" >
    select 
    <include refid="Base_Column_List" />
    from t_users
    where id = #{id,jdbcType=VARCHAR}
  </select>

  <select id="selectByUserName" resultMap="BaseResultMap" parameterType="java.lang.String" >
    select
    <include refid="Base_Column_List" />
    from t_users
    where username = #{username,jdbcType=VARCHAR}
  </select>


  <select id="selectByLikeUserName" resultMap="BaseResultMap" parameterType="java.lang.String" >
    select
    <include refid="Base_Column_List" />
    from t_users
    where username like concat('%',#{username,jdbcType=VARCHAR},'%')
  </select>

  <delete id="deleteByPrimaryKey" parameterType="java.lang.String" >
    delete from t_users
    where id = #{id,jdbcType=VARCHAR}
  </delete>
  <insert id="insert" parameterType="com.msu.pojo.User" >
    insert into t_users (id, username, password, 
      face_image, face_image_big, nickname, 
      qrcode, cid)
    values (#{id,jdbcType=VARCHAR}, #{username,jdbcType=VARCHAR}, #{password,jdbcType=VARCHAR}, 
      #{faceImage,jdbcType=VARCHAR}, #{faceImageBig,jdbcType=VARCHAR}, #{nickname,jdbcType=VARCHAR}, 
      #{qrcode,jdbcType=VARCHAR}, #{cid,jdbcType=VARCHAR})
  </insert>
  <insert id="insertSelective" parameterType="com.msu.pojo.User" >
    insert into t_users
    <trim prefix="(" suffix=")" suffixOverrides="," >
      <if test="id != null" >
        id,
      </if>
      <if test="username != null" >
        username,
      </if>
      <if test="password != null" >
        password,
      </if>
      <if test="faceImage != null" >
        face_image,
      </if>
      <if test="faceImageBig != null" >
        face_image_big,
      </if>
      <if test="nickname != null" >
        nickname,
      </if>
      <if test="qrcode != null" >
        qrcode,
      </if>
      <if test="cid != null" >
        cid,
      </if>
    </trim>
    <trim prefix="values (" suffix=")" suffixOverrides="," >
      <if test="id != null" >
        #{id,jdbcType=VARCHAR},
      </if>
      <if test="username != null" >
        #{username,jdbcType=VARCHAR},
      </if>
      <if test="password != null" >
        #{password,jdbcType=VARCHAR},
      </if>
      <if test="faceImage != null" >
        #{faceImage,jdbcType=VARCHAR},
      </if>
      <if test="faceImageBig != null" >
        #{faceImageBig,jdbcType=VARCHAR},
      </if>
      <if test="nickname != null" >
        #{nickname,jdbcType=VARCHAR},
      </if>
      <if test="qrcode != null" >
        #{qrcode,jdbcType=VARCHAR},
      </if>
      <if test="cid != null" >
        #{cid,jdbcType=VARCHAR},
      </if>
    </trim>
  </insert>
  <update id="updateByPrimaryKeySelective" parameterType="com.msu.pojo.User" >
    update t_users
    <set >
      <if test="username != null" >
        username = #{username,jdbcType=VARCHAR},
      </if>
      <if test="password != null" >
        password = #{password,jdbcType=VARCHAR},
      </if>
      <if test="faceImage != null" >
        face_image = #{faceImage,jdbcType=VARCHAR},
      </if>
      <if test="faceImageBig != null" >
        face_image_big = #{faceImageBig,jdbcType=VARCHAR},
      </if>
      <if test="nickname != null" >
        nickname = #{nickname,jdbcType=VARCHAR},
      </if>
      <if test="qrcode != null" >
        qrcode = #{qrcode,jdbcType=VARCHAR},
      </if>
      <if test="cid != null" >
        cid = #{cid,jdbcType=VARCHAR},
      </if>
    </set>
    where id = #{id,jdbcType=VARCHAR}
  </update>
  <update id="updateByPrimaryKey" parameterType="com.msu.pojo.User" >
    update t_users
    set username = #{username,jdbcType=VARCHAR},
      password = #{password,jdbcType=VARCHAR},
      face_image = #{faceImage,jdbcType=VARCHAR},
      face_image_big = #{faceImageBig,jdbcType=VARCHAR},
      nickname = #{nickname,jdbcType=VARCHAR},
      qrcode = #{qrcode,jdbcType=VARCHAR},
      cid = #{cid,jdbcType=VARCHAR}
    where id = #{id,jdbcType=VARCHAR}
  </update>

  <update id="batchUpdateMsgSigned">
    update chat_msg set sign_flag =1 where id in
    <foreach collection="list" item="item" index="index" open="(" separator="," close=")">
      #{item}
    </foreach>
  </update>


</mapper>