<?xml version="1.0" encoding="UTF-8" ?>
<!DOCTYPE mapper PUBLIC "-//mybatis.org//DTD Mapper 3.0//EN" "http://mybatis.org/dtd/mybatis-3-mapper.dtd" >
<mapper namespace="com.msu.mapper.UserHomeMapper" >
  <resultMap id="BaseResultMap" type="com.msu.pojo.UserHome" >
    <id column="id" property="id" jdbcType="VARCHAR" />
    <result column="username" property="username" jdbcType="VARCHAR" />
    <result column="face_image" property="faceImage" jdbcType="VARCHAR" />
    <result column="face_image_big" property="faceImageBig" jdbcType="VARCHAR" />
    <result column="nickname" property="nickname" jdbcType="VARCHAR" />
    <result column="qrcode" property="qrcode" jdbcType="VARCHAR" />
    <result column="user_signature" property="userSignature" jdbcType="VARCHAR" />
    <result column="gender" property="gender" jdbcType="INTEGER" />
    <result column="user_id" property="userId" jdbcType="VARCHAR" />
  </resultMap>
  <sql id="Base_Column_List" >
    id, username, face_image, face_image_big, nickname, qrcode, user_signature, gender, 
    user_id
  </sql>
  <select id="selectByPrimaryKey" resultMap="BaseResultMap" parameterType="java.lang.String" >
    select 
    <include refid="Base_Column_List" />
    from user_home
    where id = #{id,jdbcType=VARCHAR}
  </select>
  <select id="selectByUserName" resultMap="BaseResultMap" parameterType="java.lang.String" >
    select
    <include refid="Base_Column_List" />
    from user_home
    where username = #{username,jdbcType=VARCHAR}
  </select>
  <delete id="deleteByPrimaryKey" parameterType="java.lang.String" >
    delete from user_home
    where id = #{id,jdbcType=VARCHAR}
  </delete>
  <insert id="insert" parameterType="com.msu.pojo.UserHome" >
    insert into user_home (id, username, face_image, 
      face_image_big, nickname, qrcode, 
      user_signature, gender, user_id
      )
    values (#{id,jdbcType=VARCHAR}, #{username,jdbcType=VARCHAR}, #{faceImage,jdbcType=VARCHAR}, 
      #{faceImageBig,jdbcType=VARCHAR}, #{nickname,jdbcType=VARCHAR}, #{qrcode,jdbcType=VARCHAR}, 
      #{userSignature,jdbcType=VARCHAR}, #{gender,jdbcType=INTEGER}, #{userId,jdbcType=VARCHAR}
      )
  </insert>
  <insert id="insertSelective" parameterType="com.msu.pojo.UserHome" >
    insert into user_home
    <trim prefix="(" suffix=")" suffixOverrides="," >
      <if test="id != null" >
        id,
      </if>
      <if test="username != null" >
        username,
      </if>
      <if test="faceImage != null" >
        face_image,
      </if>
      <if test="faceImageBig != null" >
        face_image_big,
      </if>
      <if test="nickname != null" >
        nickname,
      </if>
      <if test="qrcode != null" >
        qrcode,
      </if>
      <if test="userSignature != null" >
        user_signature,
      </if>
      <if test="gender != null" >
        gender,
      </if>
      <if test="userId != null" >
        user_id,
      </if>
    </trim>
    <trim prefix="values (" suffix=")" suffixOverrides="," >
      <if test="id != null" >
        #{id,jdbcType=VARCHAR},
      </if>
      <if test="username != null" >
        #{username,jdbcType=VARCHAR},
      </if>
      <if test="faceImage != null" >
        #{faceImage,jdbcType=VARCHAR},
      </if>
      <if test="faceImageBig != null" >
        #{faceImageBig,jdbcType=VARCHAR},
      </if>
      <if test="nickname != null" >
        #{nickname,jdbcType=VARCHAR},
      </if>
      <if test="qrcode != null" >
        #{qrcode,jdbcType=VARCHAR},
      </if>
      <if test="userSignature != null" >
        #{userSignature,jdbcType=VARCHAR},
      </if>
      <if test="gender != null" >
        #{gender,jdbcType=INTEGER},
      </if>
      <if test="userId != null" >
        #{userId,jdbcType=VARCHAR},
      </if>
    </trim>
  </insert>
  <update id="updateByPrimaryKeySelective" parameterType="com.msu.pojo.UserHome" >
    update user_home
    <set >
      <if test="username != null" >
        username = #{username,jdbcType=VARCHAR},
      </if>
      <if test="faceImage != null" >
        face_image = #{faceImage,jdbcType=VARCHAR},
      </if>
      <if test="faceImageBig != null" >
        face_image_big = #{faceImageBig,jdbcType=VARCHAR},
      </if>
      <if test="nickname != null" >
        nickname = #{nickname,jdbcType=VARCHAR},
      </if>
      <if test="qrcode != null" >
        qrcode = #{qrcode,jdbcType=VARCHAR},
      </if>
      <if test="userSignature != null" >
        user_signature = #{userSignature,jdbcType=VARCHAR},
      </if>
      <if test="gender != null" >
        gender = #{gender,jdbcType=INTEGER},
      </if>
      <if test="userId != null" >
        user_id = #{userId,jdbcType=VARCHAR},
      </if>
    </set>
    where id = #{id,jdbcType=VARCHAR}
  </update>
  <update id="updateByPrimaryKey" parameterType="com.msu.pojo.UserHome" >
    update user_home
    set username = #{username,jdbcType=VARCHAR},
      face_image = #{faceImage,jdbcType=VARCHAR},
      face_image_big = #{faceImageBig,jdbcType=VARCHAR},
      nickname = #{nickname,jdbcType=VARCHAR},
      qrcode = #{qrcode,jdbcType=VARCHAR},
      user_signature = #{userSignature,jdbcType=VARCHAR},
      gender = #{gender,jdbcType=INTEGER},
      user_id = #{userId,jdbcType=VARCHAR}
    where id = #{id,jdbcType=VARCHAR}
  </update>
</mapper>