<?xml version="1.0" encoding="UTF-8"?>
<!DOCTYPE generatorConfiguration
        PUBLIC "-//mybatis.org//DTD MyBatis Generator Configuration 1.0//EN"
        "http://mybatis.org/dtd/mybatis-generator-config_1_0.dtd">

<generatorConfiguration>
    <classPathEntry location="/home/ruwo/mysql-connector-java-8.0.20.jar" />

    <context id="DB2Tables" targetRuntime="MyBatis3">
        <!--不生成注释-->
        <commentGenerator>
            <property name="suppressDate" value="true"/>
            <property name="suppressAllComments" value="true"/>
        </commentGenerator>

        <jdbcConnection driverClass="com.mysql.cj.jdbc.Driver"
                        connectionURL="jdbc:mysql://106.53.58.194:3306/MSU?useSSL=false"
                        userId="root"
                        password="buaa">
        </jdbcConnection>

        <javaTypeResolver >
            <property name="forceBigDecimals" value="false" />
        </javaTypeResolver>

        <!--实体类-->
        <javaModelGenerator targetPackage="com.msu.pojo" targetProject="src/main/java" />

        <!--xxxMapper.xml-->
        <sqlMapGenerator targetPackage="com.msu.mapper"  targetProject="src/main/resources" />

        <!--mapper接口位置-->
        <javaClientGenerator type="XMLMAPPER" targetPackage="com.msu.mapper"  targetProject="src/main/java" />

        <table tableName="chat_msg" domainObjectName="ChatMsg"  enableCountByExample="false" enableSelectByExample="false" enableUpdateByExample="false" enableDeleteByExample="false" ></table>
        <table tableName="friends_request" domainObjectName="FriendsRequest"  enableCountByExample="false" enableSelectByExample="false" enableUpdateByExample="false" enableDeleteByExample="false" ></table>
        <table tableName="my_friends" domainObjectName="MyFriends"  enableCountByExample="false" enableSelectByExample="false" enableUpdateByExample="false" enableDeleteByExample="false" ></table>
        <table tableName="t_users" domainObjectName="User"  enableCountByExample="false" enableSelectByExample="false" enableUpdateByExample="false" enableDeleteByExample="false" ></table>
        <table tableName="user_home" domainObjectName="UserHome"  enableCountByExample="false" enableSelectByExample="false" enableUpdateByExample="false" enableDeleteByExample="false" ></table>
    </context>
</generatorConfiguration>